pbindaff,6.6,7.6,8.6,9.6,15.6,16.6,17.6,35.6,53.6,6.7,7.7,8.7,9.7,15.7,16.7,17.7,35.7,53.7,6.8,7.8,8.8,9.8,15.8,16.8,17.8,35.8,53.8,6.9,7.9,8.9,9.9,15.9,16.9,17.9,35.9,53.9,6.15,7.15,8.15,9.15,15.15,16.15,17.15,35.15,53.15,6.16,7.16,8.16,9.16,15.16,16.16,17.16,35.16,53.16,6.17,7.17,8.17,9.17,15.17,16.17,17.17,35.17,53.17,6.35,7.35,8.35,9.35,15.35,16.35,17.35,35.35,53.35,6.53,7.53,8.53,9.53,15.53,16.53,17.53,35.53,53.53,PDB
 5.310,2097,673,710,0,0,17,0,0,0,125,39,39,0,0,0,0,0,0,499,167,164,0,0,4,0,0,0,0,0,0,0,0,0,0,0,0,0,0,0,0,0,0,0,0,0,0,0,0,0,0,0,0,0,0,0,0,0,0,0,0,0,0,0,0,0,0,0,0,0,0,0,0,585,174,183,0,0,6,0,0,0,1hk4
 5.540,3531,952,924,0,0,80,0,0,0,0,0,0,0,0,0,0,0,0,741,209,196,0,0,14,0,0,0,0,0,0,0,0,0,0,0,0,0,0,0,0,0,0,0,0,0,0,0,0,0,0,0,0,0,0,0,0,0,0,0,0,0,0,0,0,0,0,0,0,0,0,0,0,0,0,0,0,0,0,0,0,0,1ha2
 8.070,3545,924,798,0,0,20,0,0,0,0,0,0,0,0,0,0,0,0,288,82,62,0,0,2,0,0,0,0,0,0,0,0,0,0,0,0,0,0,0,0,0,0,0,0,0,0,0,0,0,0,0,0,0,0,0,0,0,0,0,0,0,0,0,0,0,0,0,0,0,0,0,0,0,0,0,0,0,0,0,0,0,1gni
 5.660,3127,923,726,0,0,29,0,0,0,120,35,32,0,0,1,0,0,0,384,112,95,0,0,3,0,0,0,201,62,32,0,0,3,0,0,0,0,0,0,0,0,0,0,0,0,0,0,0,0,0,0,0,0,0,378,99,88,0,0,3,0,0,0,0,0,0,0,0,0,0,0,0,0,0,0,0,0,0,0,0,0,1nhu
 6.640,2955,832,709,0,0,30,0,0,0,121,37,31,0,0,1,0,0,0,500,152,128,0,0,4,0,0,0,162,47,34,0,0,2,0,0,0,0,0,0,0,0,0,0,0,0,271,80,71,0,0,2,0,0,0,0,0,0,0,0,0,0,0,0,0,0,0,0,0,0,0,0,0,0,0,0,0,0,0,0,0,0,2d3z
 6.920,3137,878,745,0,0,31,0,0,0,277,81,64,0,0,3,0,0,0,539,161,130,0,0,4,0,0,0,0,0,0,0,0,0,0,0,0,0,0,0,0,0,0,0,0,0,287,87,76,0,0,2,0,0,0,0,0,0,0,0,0,0,0,0,0,0,0,0,0,0,0,0,0,0,0,0,0,0,0,0,0,0,2d3u
 2.230,1769,433,508,0,0,12,0,0,0,0,0,0,0,0,0,0,0,0,839,204,241,0,0,6,0,0,0,0,0,0,0,0,0,0,0,0,0,0,0,0,0,0,0,0,0,0,0,0,0,0,0,0,0,0,0,0,0,0,0,0,0,0,0,0,0,0,0,0,0,0,0,0,0,0,0,0,0,0,0,0,0,1ajp
 3.720,1731,421,494,0,0,11,0,0,0,227,58,69,0,0,3,0,0,0,851,217,248,0,0,8,0,0,0,0,0,0,0,0,0,0,0,0,0,0,0,0,0,0,0,0,0,0,0,0,0,0,0,0,0,0,0,0,0,0,0,0,0,0,0,0,0,0,0,0,0,0,0,0,0,0,0,0,0,0,0,0,0,1ai5
 4.310,1366,354,393,0,0,12,0,0,0,0,0,0,0,0,0,0,0,0,409,113,120,0,0,3,0,0,0,0,0,0,0,0,0,0,0,0,0,0,0,0,0,0,0,0,0,230,53,65,0,0,1,0,0,0,0,0,0,0,0,0,0,0,0,0,0,0,0,0,0,0,0,0,0,0,0,0,0,0,0,0,0,1ajq
 5.370,3634,776,910,0,0,24,0,0,0,475,103,121,0,0,2,0,0,0,234,59,66,0,0,2,0,0,0,0,0,0,0,0,0,0,0,0,0,0,0,0,0,0,0,0,0,0,0,0,0,0,0,0,0,0,0,0,0,0,0,0,0,0,0,0,0,0,0,0,0,0,0,0,0,0,0,0,0,0,0,0,0,1gpk
 8.350,6011,1245,1521,0,0,23,0,0,0,809,170,214,0,0,3,0,0,0,437,99,115,0,0,2,0,0,0,0,0,0,0,0,0,0,0,0,0,0,0,0,0,0,0,0,0,0,0,0,0,0,0,0,0,0,0,0,0,0,0,0,0,0,0,0,0,0,0,0,0,0,0,0,0,0,0,0,0,0,0,0,0,1h23
 9.890,4219,871,1049,0,0,29,0,0,0,461,87,111,0,0,4,0,0,0,0,0,0,0,0,0,0,0,0,0,0,0,0,0,0,0,0,0,0,0,0,0,0,0,0,0,0,0,0,0,0,0,0,0,0,0,211,51,57,0,0,2,0,0,0,0,0,0,0,0,0,0,0,0,0,0,0,0,0,0,0,0,0,1e66
 3.900,2583,680,768,0,0,26,0,0,0,876,222,261,0,0,8,0,0,0,654,164,190,0,0,6,0,0,0,0,0,0,0,0,0,0,0,0,0,0,0,0,0,0,0,0,0,0,0,0,0,0,0,0,0,0,0,0,0,0,0,0,0,0,0,0,0,0,0,0,0,0,0,0,0,0,0,0,0,0,0,0,0,2rkm
 5.960,3954,1026,1210,0,0,41,0,0,0,1105,283,345,0,0,11,0,0,0,895,233,269,0,0,8,0,0,0,0,0,0,0,0,0,0,0,0,0,0,0,0,0,0,0,0,0,0,0,0,0,0,0,0,0,0,0,0,0,0,0,0,0,0,0,0,0,0,0,0,0,0,0,0,0,0,0,0,0,0,0,0,0,1b9j
 8.020,3971,1043,1216,0,0,38,0,0,0,1117,288,346,0,0,11,0,0,0,903,231,272,0,0,8,0,0,0,0,0,0,0,0,0,0,0,0,0,0,0,0,0,0,0,0,0,0,0,0,0,0,0,0,0,0,0,0,0,0,0,0,0,0,0,0,0,0,0,0,0,0,0,0,0,0,0,0,0,0,0,0,0,1b7h
 1.740,1048,292,291,0,0,4,0,0,0,359,109,102,0,0,0,0,0,0,910,250,239,0,0,3,0,0,0,0,0,0,0,0,0,0,0,0,0,0,0,0,0,0,0,0,0,0,0,0,0,0,0,0,0,0,0,0,0,0,0,0,0,0,0,0,0,0,0,0,0,0,0,0,0,0,0,0,0,0,0,0,0,1u2y
 4.600,3208,935,869,0,0,19,0,0,0,417,119,113,0,0,2,0,0,0,2554,716,694,0,0,12,0,0,0,0,0,0,0,0,0,0,0,0,0,0,0,0,0,0,0,0,0,0,0,0,0,0,0,0,0,0,0,0,0,0,0,0,0,0,0,0,0,0,0,0,0,0,0,0,0,0,0,0,0,0,0,0,0,1u33
 7.920,5638,1626,1581,0,0,21,0,0,0,188,58,52,0,0,1,0,0,0,4033,1143,1132,0,0,13,0,0,0,0,0,0,0,0,0,0,0,0,0,0,0,0,0,0,0,0,0,0,0,0,0,0,0,0,0,0,0,0,0,0,0,0,0,0,0,0,0,0,0,0,0,0,0,0,0,0,0,0,0,0,0,0,0,1xd1
 5.970,1445,387,380,0,0,4,0,0,0,460,122,118,0,0,1,0,0,0,1185,303,317,0,0,2,0,0,0,0,0,0,0,0,0,0,0,0,0,0,0,0,0,0,0,0,0,0,0,0,0,0,0,0,0,0,0,0,0,0,0,0,0,0,0,0,0,0,0,0,0,0,0,0,0,0,0,0,0,0,0,0,0,1uwt
 7.280,1895,504,502,0,0,7,0,0,0,459,122,117,0,0,1,0,0,0,963,253,252,0,0,2,0,0,0,0,0,0,0,0,0,0,0,0,0,0,0,0,0,0,0,0,0,0,0,0,0,0,0,0,0,0,0,0,0,0,0,0,0,0,0,0,0,0,0,0,0,0,0,0,0,0,0,0,0,0,0,0,0,2ceq
 9.220,3452,889,954,0,0,9,0,0,0,457,124,119,0,0,1,0,0,0,975,256,255,0,0,2,0,0,0,0,0,0,0,0,0,0,0,0,0,0,0,0,0,0,0,0,0,0,0,0,0,0,0,0,0,0,0,0,0,0,0,0,0,0,0,0,0,0,0,0,0,0,0,0,0,0,0,0,0,0,0,0,0,2cer
 2.740,1864,635,643,0,0,1,0,0,0,176,61,61,0,0,0,0,0,0,1476,507,513,0,0,2,0,0,0,0,0,0,0,0,0,0,0,0,0,0,0,0,0,0,0,0,0,0,0,0,0,0,0,0,0,0,0,0,0,0,0,0,0,0,0,0,0,0,0,0,0,0,0,0,0,0,0,0,0,0,0,0,0,2qwb
 4.850,1877,639,645,0,0,1,0,0,0,362,119,122,0,0,0,0,0,0,1141,403,397,0,0,2,0,0,0,0,0,0,0,0,0,0,0,0,0,0,0,0,0,0,0,0,0,0,0,0,0,0,0,0,0,0,0,0,0,0,0,0,0,0,0,0,0,0,0,0,0,0,0,0,0,0,0,0,0,0,0,0,0,2qwd
 7.480,2056,697,708,0,0,2,0,0,0,763,241,259,0,0,2,0,0,0,1133,400,397,0,0,1,0,0,0,0,0,0,0,0,0,0,0,0,0,0,0,0,0,0,0,0,0,0,0,0,0,0,0,0,0,0,0,0,0,0,0,0,0,0,0,0,0,0,0,0,0,0,0,0,0,0,0,0,0,0,0,0,0,2qwe
 4.890,1419,387,378,0,0,6,0,0,0,230,63,61,0,0,1,0,0,0,954,259,257,0,0,5,0,0,0,0,0,0,0,0,0,0,0,0,0,0,0,0,0,0,0,0,0,0,0,0,0,0,0,0,0,0,0,0,0,0,0,0,0,0,0,0,0,0,0,0,0,0,0,0,0,0,0,0,0,0,0,0,0,2j77
 6.420,1408,378,385,0,0,6,0,0,0,457,117,117,0,0,2,0,0,0,1175,307,310,0,0,7,0,0,0,0,0,0,0,0,0,0,0,0,0,0,0,0,0,0,0,0,0,0,0,0,0,0,0,0,0,0,0,0,0,0,0,0,0,0,0,0,0,0,0,0,0,0,0,0,0,0,0,0,0,0,0,0,0,2j78
 8.020,3580,926,909,0,0,16,0,0,0,457,123,116,0,0,2,0,0,0,951,253,250,0,0,6,0,0,0,0,0,0,0,0,0,0,0,0,0,0,0,0,0,0,0,0,0,0,0,0,0,0,0,0,0,0,0,0,0,0,0,0,0,0,0,0,0,0,0,0,0,0,0,0,0,0,0,0,0,0,0,0,0,2cet
 2.220,2712,809,928,0,0,26,0,0,0,428,133,148,0,0,4,0,0,0,1711,507,580,0,0,14,0,0,0,0,0,0,0,0,0,0,0,0,417,123,147,0,0,3,0,0,0,0,0,0,0,0,0,0,0,0,0,0,0,0,0,0,0,0,0,0,0,0,0,0,0,0,0,0,0,0,0,0,0,0,0,0,0,1m0n
 3.220,1421,452,500,0,0,16,0,0,0,352,107,123,0,0,4,0,0,0,756,225,267,0,0,9,0,0,0,0,0,0,0,0,0,0,0,0,144,44,52,0,0,2,0,0,0,0,0,0,0,0,0,0,0,0,0,0,0,0,0,0,0,0,0,0,0,0,0,0,0,0,0,0,0,0,0,0,0,0,0,0,0,1zc9
 3.890,2149,647,728,0,0,20,0,0,0,425,131,149,0,0,4,0,0,0,1724,511,586,0,0,14,0,0,0,0,0,0,0,0,0,0,0,0,429,127,149,0,0,3,0,0,0,0,0,0,0,0,0,0,0,0,0,0,0,0,0,0,0,0,0,0,0,0,0,0,0,0,0,0,0,0,0,0,0,0,0,0,0,1m0q
 7.590,5676,1507,1731,0,0,9,0,0,0,727,189,229,0,0,2,0,0,0,490,133,154,0,0,1,0,0,0,170,42,49,0,0,0,0,0,0,0,0,0,0,0,0,0,0,0,0,0,0,0,0,0,0,0,0,0,0,0,0,0,0,0,0,0,0,0,0,0,0,0,0,0,0,0,0,0,0,0,0,0,0,0,2fdp
 8.800,5789,1583,1843,0,0,9,0,0,0,1200,337,382,0,0,1,0,0,0,1881,530,615,0,0,2,0,0,0,0,0,0,0,0,0,0,0,0,0,0,0,0,0,0,0,0,0,0,0,0,0,0,0,0,0,0,0,0,0,0,0,0,0,0,0,0,0,0,0,0,0,0,0,0,0,0,0,0,0,0,0,0,0,1fkn
 9.520,5110,1344,1570,0,0,12,0,0,0,1008,266,324,0,0,3,0,0,0,1256,357,424,0,0,2,0,0,0,0,0,0,0,0,0,0,0,0,0,0,0,0,0,0,0,0,0,132,41,49,0,0,0,0,0,0,0,0,0,0,0,0,0,0,0,0,0,0,0,0,0,0,0,0,0,0,0,0,0,0,0,0,0,2g94
 3.870,2392,642,745,0,0,23,0,0,0,823,219,248,0,0,8,0,0,0,1347,402,445,0,0,17,0,0,0,0,0,0,0,0,0,0,0,0,385,113,133,0,0,4,0,0,0,178,53,58,0,0,2,0,0,0,0,0,0,0,0,0,0,0,0,0,0,0,0,0,0,0,0,0,0,0,0,0,0,0,0,0,0,1v16
 4.410,2336,613,738,0,0,22,0,0,0,808,212,249,0,0,8,0,0,0,1290,371,439,0,0,16,0,0,0,0,0,0,0,0,0,0,0,0,367,103,132,0,0,4,0,0,0,172,49,55,0,0,2,0,0,0,0,0,0,0,0,0,0,0,0,0,0,0,0,0,0,0,0,0,0,0,0,0,0,0,0,0,0,1olu
 5.820,2536,691,801,0,0,26,0,0,0,847,229,260,0,0,8,0,0,0,1491,459,498,0,0,16,0,0,0,0,0,0,0,0,0,0,0,0,425,127,148,0,0,4,0,0,0,203,58,65,0,0,2,0,0,0,0,0,0,0,0,0,0,0,0,0,0,0,0,0,0,0,0,0,0,0,0,0,0,0,0,0,0,1ols
 2.470,832,254,238,0,0,4,0,0,0,0,0,0,0,0,0,0,0,0,822,247,236,0,0,5,0,0,0,0,0,0,0,0,0,0,0,0,0,0,0,0,0,0,0,0,0,0,0,0,0,0,0,0,0,0,0,0,0,0,0,0,0,0,0,0,0,0,0,0,0,0,0,0,0,0,0,0,0,0,0,0,0,1tok
 3.390,1865,561,525,0,0,11,0,0,0,0,0,0,0,0,0,0,0,0,414,116,113,0,0,3,0,0,0,0,0,0,0,0,0,0,0,0,0,0,0,0,0,0,0,0,0,0,0,0,0,0,0,0,0,0,0,0,0,0,0,0,0,0,0,0,0,0,0,0,0,0,0,0,0,0,0,0,0,0,0,0,0,1toj
 4.050,1879,542,520,0,0,9,0,0,0,0,0,0,0,0,0,0,0,0,414,110,110,0,0,3,0,0,0,0,0,0,0,0,0,0,0,0,0,0,0,0,0,0,0,0,0,0,0,0,0,0,0,0,0,0,0,0,0,0,0,0,0,0,0,0,0,0,0,0,0,0,0,0,0,0,0,0,0,0,0,0,0,1toi
 4.080,1619,435,485,0,0,46,0,0,0,798,205,249,0,0,20,0,0,0,391,97,124,0,0,12,0,0,0,0,0,0,0,0,0,0,0,0,0,0,0,0,0,0,0,0,0,0,0,0,0,0,0,0,0,0,0,0,0,0,0,0,0,0,0,0,0,0,0,0,0,0,0,0,0,0,0,0,0,0,0,0,0,1n2v
 5.850,2167,572,617,0,0,62,0,0,0,1135,284,336,0,0,30,0,0,0,183,46,59,0,0,6,0,0,0,0,0,0,0,0,0,0,0,0,0,0,0,0,0,0,0,0,0,188,49,56,0,0,5,0,0,0,0,0,0,0,0,0,0,0,0,0,0,0,0,0,0,0,0,0,0,0,0,0,0,0,0,0,0,1k4g
 7.700,1533,401,459,0,0,43,0,0,0,626,155,193,0,0,14,0,0,0,191,47,61,0,0,6,0,0,0,0,0,0,0,0,0,0,0,0,0,0,0,0,0,0,0,0,0,0,0,0,0,0,0,0,0,0,0,0,0,0,0,0,0,0,0,0,0,0,0,0,0,0,0,0,0,0,0,0,0,0,0,0,0,1s39
 5.940,3032,783,777,0,0,18,0,0,0,771,195,199,0,0,4,0,0,0,187,49,52,0,0,2,0,0,0,0,0,0,0,0,0,0,0,0,0,0,0,0,0,0,0,0,0,0,0,0,0,0,0,0,0,0,200,52,55,0,0,2,0,0,0,0,0,0,0,0,0,0,0,0,0,0,0,0,0,0,0,0,0,1kv1
 7.430,5337,1358,1442,0,0,52,0,0,0,1197,308,327,0,0,12,0,0,0,644,177,194,0,0,7,0,0,0,0,0,0,0,0,0,0,0,0,0,0,0,0,0,0,0,0,0,0,0,0,0,0,0,0,0,0,0,0,0,0,0,0,0,0,0,0,0,0,0,0,0,0,0,0,0,0,0,0,0,0,0,0,0,2bak
 8.400,4049,1075,1050,0,0,26,0,0,0,813,213,205,0,0,4,0,0,0,197,57,55,0,0,2,0,0,0,0,0,0,0,0,0,0,0,0,0,0,0,0,0,0,0,0,0,0,0,0,0,0,0,0,0,0,445,93,108,0,0,3,0,0,0,0,0,0,0,0,0,0,0,0,0,0,0,0,0,0,0,0,0,2baj
 5.230,2791,707,667,0,0,52,0,0,0,648,168,168,0,0,14,0,0,0,430,114,109,0,0,10,0,0,0,0,0,0,0,0,0,0,0,0,0,0,0,0,0,0,0,0,0,0,0,0,0,0,0,0,0,0,0,0,0,0,0,0,0,0,0,0,0,0,0,0,0,0,0,0,0,0,0,0,0,0,0,0,0,1ndw
 6.170,3579,883,878,0,0,66,0,0,0,655,169,166,0,0,15,0,0,0,431,113,112,0,0,10,0,0,0,0,0,0,0,0,0,0,0,0,0,0,0,0,0,0,0,0,0,0,0,0,0,0,0,0,0,0,0,0,0,0,0,0,0,0,0,0,0,0,0,0,0,0,0,0,0,0,0,0,0,0,0,0,0,1ndy
 8.110,5062,1272,1333,0,0,81,0,0,0,1380,357,364,0,0,26,0,0,0,591,152,155,0,0,11,0,0,0,0,0,0,0,0,0,0,0,0,0,0,0,0,0,0,0,0,0,0,0,0,0,0,0,0,0,0,0,0,0,0,0,0,0,0,0,0,0,0,0,0,0,0,0,0,0,0,0,0,0,0,0,0,0,1ndz
 1.400,858,268,262,0,0,5,0,0,0,0,0,0,0,0,0,0,0,0,368,112,116,0,0,2,0,0,0,0,0,0,0,0,0,0,0,0,0,0,0,0,0,0,0,0,0,149,46,48,0,0,1,0,0,0,0,0,0,0,0,0,0,0,0,0,0,0,0,0,0,0,0,0,0,0,0,0,0,0,0,0,0,2hdq
 4.590,1631,537,580,0,0,0,0,0,0,173,54,63,0,0,0,0,0,0,714,214,246,0,0,0,0,0,0,0,0,0,0,0,0,0,0,0,0,0,0,0,0,0,0,0,0,320,99,109,0,0,0,0,0,0,111,38,43,0,0,0,0,0,0,0,0,0,0,0,0,0,0,0,0,0,0,0,0,0,0,0,0,1l2s
 6.000,1685,562,597,0,0,0,0,0,0,163,52,63,0,0,0,0,0,0,1063,325,369,0,0,0,0,0,0,0,0,0,0,0,0,0,0,0,0,0,0,0,0,0,0,0,0,311,99,105,0,0,0,0,0,0,0,0,0,0,0,0,0,0,0,0,0,0,0,0,0,0,0,0,0,0,0,0,0,0,0,0,0,1xgj
 4.760,2904,731,837,0,0,25,0,0,0,606,156,169,0,0,4,0,0,0,217,51,57,0,0,2,0,0,0,0,0,0,0,0,0,0,0,0,0,0,0,0,0,0,0,0,0,0,0,0,0,0,0,0,0,0,0,0,0,0,0,0,0,0,0,0,0,0,0,0,0,0,0,0,0,0,0,0,0,0,0,0,0,1q8t
 7.320,3966,985,1177,0,0,49,0,0,0,631,161,177,0,0,4,0,0,0,415,114,124,0,0,6,0,0,0,0,0,0,0,0,0,0,0,0,0,0,0,0,0,0,0,0,0,214,58,65,0,0,3,0,0,0,0,0,0,0,0,0,0,0,0,185,50,52,0,0,4,0,0,0,0,0,0,0,0,0,0,0,0,1ydt
 9.520,4991,1190,1482,0,0,65,0,0,0,392,87,114,0,0,5,0,0,0,1126,277,323,0,0,13,0,0,0,0,0,0,0,0,0,0,0,0,0,0,0,0,0,0,0,0,0,0,0,0,0,0,0,0,0,0,0,0,0,0,0,0,0,0,0,0,0,0,0,0,0,0,0,0,0,0,0,0,0,0,0,0,0,1re8
 6.060,5242,1223,1399,0,0,28,0,0,0,1620,395,437,0,0,9,0,0,0,2061,477,560,0,0,11,0,0,0,0,0,0,0,0,0,0,0,0,0,0,0,0,0,0,0,0,0,0,0,0,0,0,0,0,0,0,0,0,0,0,0,0,0,0,0,0,0,0,0,0,0,0,0,0,0,0,0,0,0,0,0,0,0,1g7q
 8.100,7328,1537,1931,0,0,43,0,0,0,1875,418,499,0,0,13,0,0,0,1921,391,485,0,0,9,0,0,0,0,0,0,0,0,0,0,0,0,0,0,0,0,0,0,0,0,0,0,0,0,0,0,0,0,0,0,0,0,0,0,0,0,0,0,0,0,0,0,0,0,0,0,0,0,0,0,0,0,0,0,0,0,0,1fzj
 8.400,7564,1635,1997,0,0,45,0,0,0,1574,350,408,0,0,10,0,0,0,1876,383,472,0,0,8,0,0,0,0,0,0,0,0,0,0,0,0,0,0,0,0,0,0,0,0,0,0,0,0,0,0,0,0,0,0,0,0,0,0,0,0,0,0,0,0,0,0,0,0,0,0,0,0,0,0,0,0,0,0,0,0,0,1fzk
 6.100,2630,700,677,0,0,19,0,0,0,211,52,56,0,0,2,0,0,0,1240,318,322,0,0,9,0,0,0,0,0,0,0,0,0,0,0,0,0,0,0,0,0,0,0,0,0,0,0,0,0,0,0,0,0,0,0,0,0,0,0,0,0,0,0,0,0,0,0,0,0,0,0,0,0,0,0,0,0,0,0,0,0,1m2q
 6.770,3391,896,897,0,0,30,0,0,0,410,113,108,0,0,3,0,0,0,625,164,165,0,0,3,0,0,0,0,0,0,0,0,0,0,0,0,0,0,0,0,0,0,0,0,0,0,0,0,0,0,0,0,0,0,0,0,0,0,0,0,0,0,0,0,0,0,0,0,0,0,0,0,0,0,0,0,0,0,0,0,0,1om1
 7.400,1726,460,474,0,0,15,0,0,0,588,155,146,0,0,3,0,0,0,0,0,0,0,0,0,0,0,0,0,0,0,0,0,0,0,0,0,0,0,0,0,0,0,0,0,0,0,0,0,0,0,0,0,0,0,0,0,0,0,0,0,0,0,0,764,196,204,0,0,8,0,0,0,0,0,0,0,0,0,0,0,0,1zoe
 3.640,1531,521,473,0,0,18,0,0,0,120,47,40,0,0,2,0,0,0,873,274,251,0,0,12,0,0,0,0,0,0,0,0,0,0,0,0,0,0,0,0,0,0,0,0,0,128,48,49,0,0,2,0,0,0,0,0,0,0,0,0,0,0,0,0,0,0,0,0,0,0,0,0,0,0,0,0,0,0,0,0,0,2azr
 5.470,2560,909,794,0,0,41,0,0,0,212,83,63,0,0,5,0,0,0,1181,388,353,0,0,14,0,0,0,0,0,0,0,0,0,0,0,0,0,0,0,0,0,0,0,0,0,0,0,0,0,0,0,0,0,0,0,0,0,0,0,0,0,0,0,0,0,0,0,0,0,0,0,0,0,0,0,0,0,0,0,0,0,1g7f
 7.660,5104,1623,1560,0,0,71,0,0,0,322,108,100,0,0,5,0,0,0,1440,441,427,0,0,18,0,0,0,0,0,0,0,0,0,0,0,0,0,0,0,0,0,0,0,0,0,0,0,0,0,0,0,0,0,0,0,0,0,0,0,0,0,0,0,0,0,0,0,0,0,0,0,0,0,0,0,0,0,0,0,0,0,1nny
 6.020,3851,917,1412,0,0,0,0,0,0,624,148,230,0,0,0,0,0,0,625,146,229,0,0,0,0,0,0,0,0,0,0,0,0,0,0,0,0,0,0,0,0,0,0,0,0,0,0,0,0,0,0,0,0,0,0,0,0,0,0,0,0,0,0,0,0,0,0,0,0,0,0,0,0,0,0,0,0,0,0,0,0,5er1
 7.400,6464,1513,2408,0,0,9,0,0,0,1427,330,534,0,0,0,0,0,0,1293,287,485,0,0,3,0,0,0,0,0,0,0,0,0,0,0,0,0,0,0,0,0,0,0,0,0,0,0,0,0,0,0,0,0,0,0,0,0,0,0,0,0,0,0,0,0,0,0,0,0,0,0,0,0,0,0,0,0,0,0,0,0,2er9
 9.300,4952,1139,1809,0,0,0,0,0,0,752,169,270,0,0,0,0,0,0,1157,239,428,0,0,0,0,0,0,0,0,0,0,0,0,0,0,0,0,0,0,0,0,0,0,0,0,0,0,0,0,0,0,0,0,0,0,0,0,0,0,0,0,0,0,0,0,0,0,0,0,0,0,0,0,0,0,0,0,0,0,0,0,4er2
 5.800,4342,1130,1675,0,0,2,0,0,0,468,113,175,0,0,0,0,0,0,1453,362,524,0,0,0,0,0,0,0,0,0,0,0,0,0,0,0,184,47,61,0,0,0,0,0,0,0,0,0,0,0,0,0,0,0,0,0,0,0,0,0,0,0,0,0,0,0,0,0,0,0,0,0,0,0,0,0,0,0,0,0,0,1ppm
 8.000,3779,967,1452,0,0,0,0,0,0,633,155,234,0,0,0,0,0,0,782,184,286,0,0,0,0,0,0,358,81,116,0,0,0,0,0,0,0,0,0,0,0,0,0,0,0,0,0,0,0,0,0,0,0,0,0,0,0,0,0,0,0,0,0,0,0,0,0,0,0,0,0,0,0,0,0,0,0,0,0,0,0,1apw
10.000,4603,1192,1747,0,0,0,0,0,0,608,150,234,0,0,0,0,0,0,1407,343,506,0,0,0,0,0,0,0,0,0,0,0,0,0,0,0,180,46,62,0,0,0,0,0,0,0,0,0,0,0,0,0,0,0,0,0,0,0,0,0,0,0,0,0,0,0,0,0,0,0,0,0,0,0,0,0,0,0,0,0,0,1bxo
 3.800,1716,505,447,0,0,10,0,0,0,598,157,135,0,0,3,0,0,0,1237,388,361,0,0,10,0,0,0,0,0,0,0,0,0,0,0,0,169,52,50,0,0,2,0,0,0,0,0,0,0,0,0,0,0,0,0,0,0,0,0,0,0,0,0,0,0,0,0,0,0,0,0,0,0,0,0,0,0,0,0,0,0,1nje
 4.960,1698,489,421,0,0,9,0,0,0,409,105,89,0,0,2,0,0,0,1436,423,394,0,0,10,0,0,0,0,0,0,0,0,0,0,0,0,165,51,49,0,0,2,0,0,0,0,0,0,0,0,0,0,0,0,0,0,0,0,0,0,0,0,0,0,0,0,0,0,0,0,0,0,0,0,0,0,0,0,0,0,0,1tsy
 6.310,1725,505,434,0,0,17,0,0,0,616,165,134,0,0,6,0,0,0,1279,394,355,0,0,12,0,0,0,0,0,0,0,0,0,0,0,0,172,55,50,0,0,2,0,0,0,0,0,0,0,0,0,0,0,0,0,0,0,0,0,0,0,0,0,0,0,0,0,0,0,0,0,0,0,0,0,0,0,0,0,0,0,1nja
 3.720,1151,320,355,0,0,6,0,0,0,376,97,112,0,0,1,0,0,0,388,113,124,0,0,2,0,0,0,0,0,0,0,0,0,0,0,0,0,0,0,0,0,0,0,0,0,0,0,0,0,0,0,0,0,0,0,0,0,0,0,0,0,0,0,0,0,0,0,0,0,0,0,0,0,0,0,0,0,0,0,0,0,4tln
 7.300,3907,1028,1213,0,0,10,0,0,0,489,126,145,0,0,1,0,0,0,806,216,257,0,0,3,0,0,0,0,0,0,0,0,0,0,0,0,0,0,0,0,0,0,0,0,0,0,0,0,0,0,0,0,0,0,0,0,0,0,0,0,0,0,0,0,0,0,0,0,0,0,0,0,0,0,0,0,0,0,0,0,0,1tmn
10.170,4481,1205,1411,0,0,12,0,0,0,548,141,166,0,0,2,0,0,0,1235,335,397,0,0,5,0,0,0,0,0,0,0,0,0,0,0,0,193,52,60,0,0,1,0,0,0,0,0,0,0,0,0,0,0,0,0,0,0,0,0,0,0,0,0,0,0,0,0,0,0,0,0,0,0,0,0,0,0,0,0,0,0,4tmn
 5.240,1712,514,544,0,0,0,0,0,0,191,57,62,0,0,0,0,0,0,1200,344,368,0,0,1,0,0,0,0,0,0,0,0,0,0,0,0,0,0,0,0,0,0,0,0,0,0,0,0,0,0,0,0,0,0,0,0,0,0,0,0,0,0,0,0,0,0,0,0,0,0,0,0,0,0,0,0,0,0,0,0,0,1fh7
 6.430,1714,510,546,0,0,0,0,0,0,392,117,124,0,0,0,0,0,0,1378,404,427,0,0,1,0,0,0,0,0,0,0,0,0,0,0,0,0,0,0,0,0,0,0,0,0,0,0,0,0,0,0,0,0,0,0,0,0,0,0,0,0,0,0,0,0,0,0,0,0,0,0,0,0,0,0,0,0,0,0,0,0,1fh9
 6.890,1681,506,536,0,0,0,0,0,0,198,61,65,0,0,0,0,0,0,976,281,298,0,0,1,0,0,0,0,0,0,0,0,0,0,0,0,0,0,0,0,0,0,0,0,0,0,0,0,0,0,0,0,0,0,0,0,0,0,0,0,0,0,0,0,0,0,0,0,0,0,0,0,0,0,0,0,0,0,0,0,0,1fh8
 2.700,1106,390,357,0,0,0,0,0,0,392,127,125,0,0,0,0,0,0,1343,506,440,0,0,0,0,0,0,0,0,0,0,0,0,0,0,0,327,126,108,0,0,0,0,0,0,0,0,0,0,0,0,0,0,0,0,0,0,0,0,0,0,0,0,0,0,0,0,0,0,0,0,0,0,0,0,0,0,0,0,0,0,2fzc
 5.700,1381,478,440,0,0,0,0,0,0,457,161,148,0,0,0,0,0,0,1552,531,495,0,0,0,0,0,0,0,0,0,0,0,0,0,0,0,222,76,74,0,0,0,0,0,0,0,0,0,0,0,0,0,0,0,0,0,0,0,0,0,0,0,0,0,0,0,0,0,0,0,0,0,0,0,0,0,0,0,0,0,0,2h3e
 7.570,1343,468,436,0,0,0,0,0,0,225,76,73,0,0,0,0,0,0,1732,610,545,0,0,0,0,0,0,0,0,0,0,0,0,0,0,0,221,76,70,0,0,0,0,0,0,0,0,0,0,0,0,0,0,0,0,0,0,0,0,0,0,0,0,0,0,0,0,0,0,0,0,0,0,0,0,0,0,0,0,0,0,1d09
 3.890,2004,573,615,0,0,0,0,0,0,0,0,0,0,0,0,0,0,0,604,182,193,0,0,0,0,0,0,0,0,0,0,0,0,0,0,0,0,0,0,0,0,0,0,0,0,0,0,0,0,0,0,0,0,0,0,0,0,0,0,0,0,0,0,0,0,0,0,0,0,0,0,0,0,0,0,0,0,0,0,0,0,2ctc
 9.150,3459,1012,1104,0,0,0,0,0,0,282,94,88,0,0,0,0,0,0,1355,427,450,0,0,0,0,0,0,0,0,0,0,0,0,0,0,0,193,58,64,0,0,0,0,0,0,0,0,0,0,0,0,0,0,0,0,0,0,0,0,0,0,0,0,0,0,0,0,0,0,0,0,0,0,0,0,0,0,0,0,0,0,8cpa
13.960,4476,1344,1426,0,0,0,0,0,0,283,91,89,0,0,0,0,0,0,1352,415,450,0,0,0,0,0,0,0,0,0,0,0,0,0,0,0,194,61,60,0,0,0,0,0,0,0,0,0,0,0,0,0,0,0,0,0,0,0,0,0,0,0,0,0,0,0,0,0,0,0,0,0,0,0,0,0,0,0,0,0,0,7cpa
 4.920,2377,597,648,0,0,0,0,0,0,1027,258,260,0,0,0,0,0,0,216,58,57,0,0,0,0,0,0,0,0,0,0,0,0,0,0,0,0,0,0,0,0,0,0,0,0,0,0,0,0,0,0,0,0,0,0,0,0,0,0,0,0,0,0,0,0,0,0,0,0,0,0,0,0,0,0,0,0,0,0,0,0,1e1v
 6.920,1923,482,506,0,0,0,0,0,0,999,251,249,0,0,0,0,0,0,2431,612,699,0,0,0,0,0,0,0,0,0,0,0,0,0,0,0,578,150,164,0,0,0,0,0,0,0,0,0,0,0,0,0,0,0,0,0,0,0,0,0,0,0,0,0,0,0,0,0,0,0,0,0,0,0,0,0,0,0,0,0,0,1b39
 8.700,2784,681,713,0,0,1,0,0,0,1207,300,310,0,0,0,0,0,0,354,85,95,0,0,0,0,0,0,0,0,0,0,0,0,0,0,0,0,0,0,0,0,0,0,0,0,221,52,54,0,0,0,0,0,0,0,0,0,0,0,0,0,0,0,0,0,0,0,0,0,0,0,0,0,0,0,0,0,0,0,0,0,1pxo
 3.280,1809,504,648,0,0,57,0,0,0,418,113,146,0,0,12,0,0,0,0,0,0,0,0,0,0,0,0,0,0,0,0,0,0,0,0,0,0,0,0,0,0,0,0,0,0,0,0,0,0,0,0,0,0,0,0,0,0,0,0,0,0,0,0,0,0,0,0,0,0,0,0,0,0,0,0,0,0,0,0,0,0,1bcu
 7.440,3358,895,1138,0,0,88,0,0,0,646,174,225,0,0,19,0,0,0,668,175,216,0,0,14,0,0,0,0,0,0,0,0,0,0,0,0,0,0,0,0,0,0,0,0,0,0,0,0,0,0,0,0,0,0,0,0,0,0,0,0,0,0,0,0,0,0,0,0,0,0,0,0,0,0,0,0,0,0,0,0,0,1vzq
11.850,2980,801,1001,0,0,79,0,0,0,1108,300,393,0,0,35,0,0,0,353,92,124,0,0,10,0,0,0,205,55,66,0,0,5,0,0,0,0,0,0,0,0,0,0,0,0,0,0,0,0,0,0,0,0,0,409,99,120,0,0,10,0,0,0,0,0,0,0,0,0,0,0,0,0,0,0,0,0,0,0,0,0,1sl3
 4.860,3145,809,1039,0,0,20,0,0,0,582,144,182,0,0,3,0,0,0,374,93,112,0,0,2,0,0,0,0,0,0,0,0,0,0,0,0,0,0,0,0,0,0,0,0,0,0,0,0,0,0,0,0,0,0,0,0,0,0,0,0,0,0,0,0,0,0,0,0,0,0,0,0,0,0,0,0,0,0,0,0,0,2brb
 5.890,3157,837,1026,0,0,20,0,0,0,760,189,232,0,0,4,0,0,0,215,52,56,0,0,1,0,0,0,0,0,0,0,0,0,0,0,0,0,0,0,0,0,0,0,0,0,0,0,0,0,0,0,0,0,0,0,0,0,0,0,0,0,0,0,0,0,0,0,0,0,0,0,0,0,0,0,0,0,0,0,0,0,2brm
 8.250,4893,1251,1528,0,0,27,0,0,0,685,175,218,0,0,4,0,0,0,727,184,233,0,0,4,0,0,0,0,0,0,0,0,0,0,0,0,0,0,0,0,0,0,0,0,0,0,0,0,0,0,0,0,0,0,0,0,0,0,0,0,0,0,0,0,0,0,0,0,0,0,0,0,0,0,0,0,0,0,0,0,0,1nvq
 5.160,2443,530,656,0,0,44,0,0,0,1026,234,301,0,0,17,0,0,0,870,194,230,0,0,13,0,0,0,0,0,0,0,0,0,0,0,0,0,0,0,0,0,0,0,0,0,177,33,44,0,0,3,0,0,0,0,0,0,0,0,0,0,0,0,0,0,0,0,0,0,0,0,0,0,0,0,0,0,0,0,0,0,1jqd
 7.040,2368,467,618,0,0,33,0,0,0,810,167,204,0,0,18,0,0,0,0,0,0,0,0,0,0,0,0,0,0,0,0,0,0,0,0,0,0,0,0,0,0,0,0,0,0,0,0,0,0,0,0,0,0,0,406,82,109,0,0,4,0,0,0,0,0,0,0,0,0,0,0,0,0,0,0,0,0,0,0,0,0,2aov
 7.730,4008,877,1099,0,0,60,0,0,0,597,126,165,0,0,8,0,0,0,245,48,65,0,0,5,0,0,0,0,0,0,0,0,0,0,0,0,0,0,0,0,0,0,0,0,0,0,0,0,0,0,0,0,0,0,147,36,43,0,0,0,0,0,0,0,0,0,0,0,0,0,0,0,0,0,0,0,0,0,0,0,0,2aou
 1.820,1356,314,328,0,0,14,0,0,0,225,57,52,0,0,3,0,0,0,453,106,109,0,0,5,0,0,0,0,0,0,0,0,0,0,0,0,0,0,0,0,0,0,0,0,0,0,0,0,0,0,0,0,0,0,0,0,0,0,0,0,0,0,0,0,0,0,0,0,0,0,0,0,0,0,0,0,0,0,0,0,0,1y1m
 3.620,754,173,194,0,0,9,0,0,0,489,116,116,0,0,5,0,0,0,496,118,123,0,0,6,0,0,0,0,0,0,0,0,0,0,0,0,0,0,0,0,0,0,0,0,0,0,0,0,0,0,0,0,0,0,0,0,0,0,0,0,0,0,0,0,0,0,0,0,0,0,0,0,0,0,0,0,0,0,0,0,0,1pb9
 6.270,1974,473,484,0,0,23,0,0,0,205,50,49,0,0,3,0,0,0,581,140,141,0,0,6,0,0,0,0,0,0,0,0,0,0,0,0,0,0,0,0,0,0,0,0,0,0,0,0,0,0,0,0,0,0,416,95,100,0,0,2,0,0,0,0,0,0,0,0,0,0,0,0,0,0,0,0,0,0,0,0,0,1pbq
 5.600,1054,280,305,0,0,13,0,0,0,836,223,247,0,0,13,0,0,0,202,53,58,0,0,2,0,0,0,0,0,0,0,0,0,0,0,0,0,0,0,0,0,0,0,0,0,0,0,0,0,0,0,0,0,0,0,0,0,0,0,0,0,0,0,0,0,0,0,0,0,0,0,0,0,0,0,0,0,0,0,0,0,1vfn
 7.800,1817,469,520,0,0,29,0,0,0,953,240,261,0,0,18,0,0,0,747,183,204,0,0,14,0,0,0,364,95,100,0,0,6,0,0,0,188,48,49,0,0,4,0,0,0,0,0,0,0,0,0,0,0,0,0,0,0,0,0,0,0,0,0,0,0,0,0,0,0,0,0,0,0,0,0,0,0,0,0,0,0,1v48
10.640,2230,640,648,0,0,25,0,0,0,796,229,233,0,0,12,0,0,0,802,220,232,0,0,10,0,0,0,0,0,0,0,0,0,0,0,0,0,0,0,0,0,0,0,0,0,0,0,0,0,0,0,0,0,0,0,0,0,0,0,0,0,0,0,0,0,0,0,0,0,0,0,0,0,0,0,0,0,0,0,0,0,1b8o
 4.890,1640,390,481,0,0,30,0,0,0,474,114,136,0,0,7,0,0,0,934,229,273,0,0,14,0,0,0,0,0,0,0,0,0,0,0,0,0,0,0,0,0,0,0,0,0,0,0,0,0,0,0,0,0,0,0,0,0,0,0,0,0,0,0,0,0,0,0,0,0,0,0,0,0,0,0,0,0,0,0,0,0,1p1q
 6.310,2228,510,648,0,0,42,0,0,0,672,156,197,0,0,12,0,0,0,883,194,254,0,0,10,0,0,0,0,0,0,0,0,0,0,0,0,0,0,0,0,0,0,0,0,0,0,0,0,0,0,0,0,0,0,0,0,0,0,0,0,0,0,0,0,0,0,0,0,0,0,0,0,0,0,0,0,0,0,0,0,0,1syh
 7.610,1634,381,468,0,0,31,0,0,0,482,112,137,0,0,8,0,0,0,929,219,262,0,0,14,0,0,0,0,0,0,0,0,0,0,0,0,0,0,0,0,0,0,0,0,0,0,0,0,0,0,0,0,0,0,0,0,0,0,0,0,0,0,0,0,0,0,0,0,0,0,0,0,0,0,0,0,0,0,0,0,0,1ftm
 7.190,5790,1349,1360,0,0,180,0,0,0,0,0,0,0,0,0,0,0,0,634,152,160,0,0,18,0,0,0,0,0,0,0,0,0,0,0,0,0,0,0,0,0,0,0,0,0,0,0,0,0,0,0,0,0,0,0,0,0,0,0,0,0,0,0,0,0,0,0,0,0,0,0,0,0,0,0,0,0,0,0,0,0,1fcx
 8.400,5758,1341,1345,0,0,180,0,0,0,249,57,55,0,0,8,0,0,0,640,156,160,0,0,16,0,0,0,0,0,0,0,0,0,0,0,0,0,0,0,0,0,0,0,0,0,0,0,0,0,0,0,0,0,0,0,0,0,0,0,0,0,0,0,0,0,0,0,0,0,0,0,0,0,0,0,0,0,0,0,0,0,1fd0
 9.220,5392,1253,1263,0,0,164,0,0,0,0,0,0,0,0,0,0,0,0,649,155,163,0,0,17,0,0,0,0,0,0,0,0,0,0,0,0,0,0,0,0,0,0,0,0,0,0,0,0,0,0,0,0,0,0,0,0,0,0,0,0,0,0,0,0,0,0,0,0,0,0,0,0,0,0,0,0,0,0,0,0,0,1fcz
 2.960,2165,508,509,0,0,30,0,0,0,198,46,45,0,0,2,0,0,0,786,188,179,0,0,11,0,0,0,0,0,0,0,0,0,0,0,0,0,0,0,0,0,0,0,0,0,187,48,43,0,0,3,0,0,0,0,0,0,0,0,0,0,0,0,0,0,0,0,0,0,0,0,0,0,0,0,0,0,0,0,0,0,1f4e
 4.620,3033,742,735,0,0,37,0,0,0,372,95,85,0,0,4,0,0,0,1582,410,373,0,0,17,0,0,0,0,0,0,0,0,0,0,0,0,0,0,0,0,0,0,0,0,0,213,54,46,0,0,2,0,0,0,0,0,0,0,0,0,0,0,0,0,0,0,0,0,0,0,0,0,0,0,0,0,0,0,0,0,0,1f4f
 6.480,3559,915,893,0,0,41,0,0,0,546,148,130,0,0,5,0,0,0,1775,480,440,0,0,17,0,0,0,0,0,0,0,0,0,0,0,0,0,0,0,0,0,0,0,0,0,206,52,45,0,0,3,0,0,0,0,0,0,0,0,0,0,0,0,0,0,0,0,0,0,0,0,0,0,0,0,0,0,0,0,0,0,1f4g
 3.740,1279,356,392,0,0,34,0,0,0,391,107,113,0,0,9,0,0,0,0,0,0,0,0,0,0,0,0,0,0,0,0,0,0,0,0,0,0,0,0,0,0,0,0,0,0,0,0,0,0,0,0,0,0,0,0,0,0,0,0,0,0,0,0,0,0,0,0,0,0,0,0,0,0,0,0,0,0,0,0,0,0,1f5k
 6.660,2905,826,938,0,0,73,0,0,0,685,199,219,0,0,18,0,0,0,314,80,95,0,0,8,0,0,0,0,0,0,0,0,0,0,0,0,0,0,0,0,0,0,0,0,0,0,0,0,0,0,0,0,0,0,0,0,0,0,0,0,0,0,0,0,0,0,0,0,0,0,0,0,0,0,0,0,0,0,0,0,0,1o3p
 9.210,3365,985,1073,0,0,84,0,0,0,1037,300,318,0,0,22,0,0,0,115,34,42,0,0,4,0,0,0,0,0,0,0,0,0,0,0,0,0,0,0,0,0,0,0,0,0,0,0,0,0,0,0,0,0,0,0,0,0,0,0,0,0,0,0,0,0,0,0,0,0,0,0,0,0,0,0,0,0,0,0,0,0,1sqa
 5.740,3729,839,833,0,0,117,0,0,0,0,0,0,0,0,0,0,0,0,679,154,154,0,0,18,0,0,0,0,0,0,0,0,0,0,0,0,0,0,0,0,0,0,0,0,0,0,0,0,0,0,0,0,0,0,0,0,0,0,0,0,0,0,0,0,0,0,0,0,0,0,0,0,0,0,0,0,0,0,0,0,0,2b1v
 6.240,3905,888,862,0,0,118,0,0,0,0,0,0,0,0,0,0,0,0,669,157,148,0,0,19,0,0,0,0,0,0,0,0,0,0,0,0,0,0,0,0,0,0,0,0,0,0,0,0,0,0,0,0,0,0,0,0,0,0,0,0,0,0,0,0,0,0,0,0,0,0,0,0,0,0,0,0,0,0,0,0,0,2fai
 9.290,5815,1360,1368,0,0,194,0,0,0,161,38,39,0,0,5,0,0,0,922,214,223,0,0,30,0,0,0,0,0,0,0,0,0,0,0,0,0,0,0,0,0,0,0,0,0,169,37,42,0,0,8,0,0,0,0,0,0,0,0,0,0,0,0,0,0,0,0,0,0,0,0,0,0,0,0,0,0,0,0,0,0,2ayr
 3.900,734,196,167,0,0,2,0,0,0,478,122,106,0,0,1,0,0,0,0,0,0,0,0,0,0,0,0,0,0,0,0,0,0,0,0,0,0,0,0,0,0,0,0,0,0,0,0,0,0,0,0,0,0,0,0,0,0,0,0,0,0,0,0,0,0,0,0,0,0,0,0,0,0,0,0,0,0,0,0,0,0,1avn
 7.350,2364,627,568,0,0,14,0,0,0,242,70,64,0,0,1,0,0,0,1064,294,260,0,0,5,0,0,0,0,0,0,0,0,0,0,0,0,0,0,0,0,0,0,0,0,0,237,68,59,0,0,1,0,0,0,0,0,0,0,0,0,0,0,0,0,0,0,0,0,0,0,0,0,0,0,0,0,0,0,0,0,0,1ttm
10.520,2672,694,623,0,0,19,0,0,0,508,136,122,0,0,2,0,0,0,660,189,170,0,0,2,0,0,0,0,0,0,0,0,0,0,0,0,0,0,0,0,0,0,0,0,0,234,67,59,0,0,1,0,0,0,0,0,0,0,0,0,0,0,0,0,0,0,0,0,0,0,0,0,0,0,0,0,0,0,0,0,0,1if7
 6.550,3402,940,1075,0,0,90,0,0,0,800,226,256,0,0,21,0,0,0,289,75,84,0,0,9,0,0,0,0,0,0,0,0,0,0,0,0,0,0,0,0,0,0,0,0,0,0,0,0,0,0,0,0,0,0,0,0,0,0,0,0,0,0,0,0,0,0,0,0,0,0,0,0,0,0,0,0,0,0,0,0,0,2bok
 8.890,2977,833,954,0,0,77,0,0,0,495,134,157,0,0,10,0,0,0,399,126,131,0,0,10,0,0,0,0,0,0,0,0,0,0,0,0,0,0,0,0,0,0,0,0,0,333,104,109,0,0,9,0,0,0,232,59,68,0,0,7,0,0,0,0,0,0,0,0,0,0,0,0,0,0,0,0,0,0,0,0,0,1nfy
11.150,3196,893,1001,0,0,79,0,0,0,727,202,231,0,0,16,0,0,0,463,129,142,0,0,10,0,0,0,0,0,0,0,0,0,0,0,0,0,0,0,0,0,0,0,0,0,112,33,38,0,0,3,0,0,0,478,144,154,0,0,14,0,0,0,0,0,0,0,0,0,0,0,0,0,0,0,0,0,0,0,0,0,1mq6
 6.510,2559,687,648,0,0,4,0,0,0,683,182,176,0,0,3,0,0,0,417,119,115,0,0,1,0,0,0,0,0,0,0,0,0,0,0,0,0,0,0,0,0,0,0,0,0,356,94,81,0,0,2,0,0,0,0,0,0,0,0,0,0,0,0,0,0,0,0,0,0,0,0,0,0,0,0,0,0,0,0,0,0,2usn
 7.700,3951,987,1026,0,0,21,0,0,0,823,209,220,0,0,5,0,0,0,533,135,137,0,0,3,0,0,0,0,0,0,0,0,0,0,0,0,0,0,0,0,0,0,0,0,0,0,0,0,0,0,0,0,0,0,0,0,0,0,0,0,0,0,0,0,0,0,0,0,0,0,0,0,0,0,0,0,0,0,0,0,0,2d1o
 8.700,7434,1909,1971,0,0,27,0,0,0,504,127,132,0,0,2,0,0,0,914,237,236,0,0,5,0,0,0,168,44,48,0,0,1,0,0,0,0,0,0,0,0,0,0,0,0,0,0,0,0,0,0,0,0,0,0,0,0,0,0,0,0,0,0,0,0,0,0,0,0,0,0,0,0,0,0,0,0,0,0,0,0,1hfs
 5.740,2769,814,932,0,0,68,0,0,0,1010,324,343,0,0,25,0,0,0,181,58,61,0,0,4,0,0,0,0,0,0,0,0,0,0,0,0,0,0,0,0,0,0,0,0,0,0,0,0,0,0,0,0,0,0,0,0,0,0,0,0,0,0,0,0,0,0,0,0,0,0,0,0,0,0,0,0,0,0,0,0,0,2flb
 7.090,3090,938,1059,0,0,97,0,0,0,552,167,178,0,0,13,0,0,0,628,198,218,0,0,19,0,0,0,121,42,41,0,0,4,0,0,0,0,0,0,0,0,0,0,0,0,0,0,0,0,0,0,0,0,0,0,0,0,0,0,0,0,0,0,0,0,0,0,0,0,0,0,0,0,0,0,0,0,0,0,0,0,2bz6
 8.700,3798,1125,1279,0,0,103,0,0,0,978,283,308,0,0,21,0,0,0,761,231,269,0,0,24,0,0,0,0,0,0,0,0,0,0,0,0,0,0,0,0,0,0,0,0,0,0,0,0,0,0,0,0,0,0,0,0,0,0,0,0,0,0,0,0,0,0,0,0,0,0,0,0,0,0,0,0,0,0,0,0,0,2b7d
 3.700,1666,473,427,0,0,13,0,0,0,362,108,101,0,0,2,0,0,0,1502,416,375,0,0,11,0,0,0,0,0,0,0,0,0,0,0,0,150,40,38,0,0,1,0,0,0,0,0,0,0,0,0,0,0,0,0,0,0,0,0,0,0,0,0,0,0,0,0,0,0,0,0,0,0,0,0,0,0,0,0,0,0,1loq
 6.390,1610,410,481,0,0,13,0,0,0,586,155,191,0,0,4,0,0,0,1393,349,389,0,0,9,0,0,0,0,0,0,0,0,0,0,0,0,127,31,35,0,0,1,0,0,0,0,0,0,0,0,0,0,0,0,0,0,0,0,0,0,0,0,0,0,0,0,0,0,0,0,0,0,0,0,0,0,0,0,0,0,0,1lol
11.060,2031,557,556,0,0,14,0,0,0,451,127,132,0,0,2,0,0,0,2066,556,551,0,0,16,0,0,0,0,0,0,0,0,0,0,0,0,177,46,48,0,0,1,0,0,0,0,0,0,0,0,0,0,0,0,0,0,0,0,0,0,0,0,0,0,0,0,0,0,0,0,0,0,0,0,0,0,0,0,0,0,0,1x1z
 2.160,630,175,184,0,0,3,0,0,0,0,0,0,0,0,0,0,0,0,1379,384,399,0,0,7,0,0,0,0,0,0,0,0,0,0,0,0,179,51,50,0,0,1,0,0,0,0,0,0,0,0,0,0,0,0,0,0,0,0,0,0,0,0,0,0,0,0,0,0,0,0,0,0,0,0,0,0,0,0,0,0,0,4tim
 4.220,424,120,126,0,0,2,0,0,0,0,0,0,0,0,0,0,0,0,1173,330,346,0,0,5,0,0,0,0,0,0,0,0,0,0,0,0,184,50,52,0,0,1,0,0,0,0,0,0,0,0,0,0,0,0,0,0,0,0,0,0,0,0,0,0,0,0,0,0,0,0,0,0,0,0,0,0,0,0,0,0,0,1kv5
 5.400,409,116,122,0,0,2,0,0,0,220,62,64,0,0,1,0,0,0,1147,328,344,0,0,5,0,0,0,0,0,0,0,0,0,0,0,0,179,51,54,0,0,1,0,0,0,0,0,0,0,0,0,0,0,0,0,0,0,0,0,0,0,0,0,0,0,0,0,0,0,0,0,0,0,0,0,0,0,0,0,0,0,1trd
 1.820,1305,358,432,0,0,33,0,0,0,368,103,117,0,0,7,0,0,0,0,0,0,0,0,0,0,0,0,0,0,0,0,0,0,0,0,0,0,0,0,0,0,0,0,0,0,0,0,0,0,0,0,0,0,0,0,0,0,0,0,0,0,0,0,0,0,0,0,0,0,0,0,0,0,0,0,0,0,0,0,0,0,1bra
 3.840,1253,328,392,0,0,38,0,0,0,411,109,120,0,0,9,0,0,0,0,0,0,0,0,0,0,0,0,0,0,0,0,0,0,0,0,0,0,0,0,0,0,0,0,0,0,0,0,0,0,0,0,0,0,0,0,0,0,0,0,0,0,0,0,0,0,0,0,0,0,0,0,0,0,0,0,0,0,0,0,0,0,1j16
 5.220,3404,847,1067,0,0,88,0,0,0,439,109,145,0,0,10,0,0,0,339,97,115,0,0,9,0,0,0,0,0,0,0,0,0,0,0,0,0,0,0,0,0,0,0,0,0,127,35,40,0,0,4,0,0,0,218,51,64,0,0,7,0,0,0,0,0,0,0,0,0,0,0,0,0,0,0,0,0,0,0,0,0,1j17
 1.440,1474,420,528,0,0,45,0,0,0,200,56,62,0,0,4,0,0,0,0,0,0,0,0,0,0,0,0,0,0,0,0,0,0,0,0,0,0,0,0,0,0,0,0,0,0,0,0,0,0,0,0,0,0,0,0,0,0,0,0,0,0,0,0,0,0,0,0,0,0,0,0,0,0,0,0,0,0,0,0,0,0,1utp
 4.730,2213,613,756,0,0,58,0,0,0,582,167,198,0,0,15,0,0,0,395,116,152,0,0,12,0,0,0,0,0,0,0,0,0,0,0,0,0,0,0,0,0,0,0,0,0,57,14,21,0,0,2,0,0,0,0,0,0,0,0,0,0,0,0,0,0,0,0,0,0,0,0,0,0,0,0,0,0,0,0,0,0,1v2o
 7.960,2910,788,977,0,0,87,0,0,0,538,155,182,0,0,12,0,0,0,151,42,49,0,0,4,0,0,0,0,0,0,0,0,0,0,0,0,0,0,0,0,0,0,0,0,0,0,0,0,0,0,0,0,0,0,0,0,0,0,0,0,0,0,0,0,0,0,0,0,0,0,0,0,0,0,0,0,0,0,0,0,0,1o3f
 3.520,876,217,238,0,0,7,0,0,0,859,220,236,0,0,7,0,0,0,0,0,0,0,0,0,0,0,0,0,0,0,0,0,0,0,0,0,0,0,0,0,0,0,0,0,0,0,0,0,0,0,0,0,0,0,0,0,0,0,0,0,0,0,0,0,0,0,0,0,0,0,0,0,0,0,0,0,0,0,0,0,0,1jys
 6.120,2640,690,785,0,0,24,0,0,0,882,234,263,0,0,8,0,0,0,662,172,202,0,0,6,0,0,0,0,0,0,0,0,0,0,0,0,0,0,0,0,0,0,0,0,0,190,54,64,0,0,3,0,0,0,0,0,0,0,0,0,0,0,0,0,0,0,0,0,0,0,0,0,0,0,0,0,0,0,0,0,0,1nc1
11.700,2784,740,834,0,0,26,0,0,0,1089,289,317,0,0,10,0,0,0,205,53,63,0,0,2,0,0,0,0,0,0,0,0,0,0,0,0,0,0,0,0,0,0,0,0,0,185,51,55,0,0,2,0,0,0,0,0,0,0,0,0,0,0,0,0,0,0,0,0,0,0,0,0,0,0,0,0,0,0,0,0,0,1y6q
 4.590,3367,953,1037,0,0,77,0,0,0,521,147,168,0,0,15,0,0,0,411,109,132,0,0,11,0,0,0,585,159,184,0,0,13,0,0,0,0,0,0,0,0,0,0,0,0,0,0,0,0,0,0,0,0,0,0,0,0,0,0,0,0,0,0,0,0,0,0,0,0,0,0,0,0,0,0,0,0,0,0,0,0,1bma
 6.360,2838,794,886,0,0,68,0,0,0,521,150,168,0,0,14,0,0,0,420,112,132,0,0,11,0,0,0,583,165,190,0,0,13,0,0,0,0,0,0,0,0,0,0,0,0,0,0,0,0,0,0,0,0,0,0,0,0,0,0,0,0,0,0,0,0,0,0,0,0,0,0,0,0,0,0,0,0,0,0,0,0,1ela
 7.150,3121,876,967,0,0,71,0,0,0,555,154,178,0,0,13,0,0,0,416,124,137,0,0,13,0,0,0,472,144,145,0,0,12,0,0,0,0,0,0,0,0,0,0,0,0,0,0,0,0,0,0,0,0,0,0,0,0,0,0,0,0,0,0,0,0,0,0,0,0,0,0,0,0,0,0,0,0,0,0,0,0,1elb
 3.920,2022,567,579,0,0,60,0,0,0,693,184,203,0,0,22,0,0,0,763,228,240,0,0,24,0,0,0,0,0,0,0,0,0,0,0,0,0,0,0,0,0,0,0,0,0,0,0,0,0,0,0,0,0,0,0,0,0,0,0,0,0,0,0,0,0,0,0,0,0,0,0,0,0,0,0,0,0,0,0,0,0,1pr5
 5.300,2084,602,597,0,0,57,0,0,0,804,236,226,0,0,22,0,0,0,1043,318,308,0,0,28,0,0,0,0,0,0,0,0,0,0,0,0,0,0,0,0,0,0,0,0,0,0,0,0,0,0,0,0,0,0,0,0,0,0,0,0,0,0,0,0,0,0,0,0,0,0,0,0,0,0,0,0,0,0,0,0,0,1a69
 6.520,2307,667,662,0,0,64,0,0,0,1027,291,288,0,0,27,0,0,0,864,265,256,0,0,24,0,0,0,0,0,0,0,0,0,0,0,0,0,0,0,0,0,0,0,0,0,0,0,0,0,0,0,0,0,0,0,0,0,0,0,0,0,0,0,0,0,0,0,0,0,0,0,0,0,0,0,0,0,0,0,0,0,1k9s
 2.000,1799,509,472,0,0,13,0,0,0,0,0,0,0,0,0,0,0,0,615,182,167,0,0,5,0,0,0,0,0,0,0,0,0,0,0,0,0,0,0,0,0,0,0,0,0,0,0,0,0,0,0,0,0,0,0,0,0,0,0,0,0,0,0,0,0,0,0,0,0,0,0,0,0,0,0,0,0,0,0,0,0,3pce
 5.400,1566,455,430,0,0,13,0,0,0,0,0,0,0,0,0,0,0,0,625,187,173,0,0,5,0,0,0,0,0,0,0,0,0,0,0,0,0,0,0,0,0,0,0,0,0,0,0,0,0,0,0,0,0,0,0,0,0,0,0,0,0,0,0,0,0,0,0,0,0,0,0,0,0,0,0,0,0,0,0,0,0,3pch
 7.220,1338,385,372,0,0,10,0,0,0,236,68,58,0,0,2,0,0,0,883,246,236,0,0,6,0,0,0,0,0,0,0,0,0,0,0,0,0,0,0,0,0,0,0,0,0,0,0,0,0,0,0,0,0,0,0,0,0,0,0,0,0,0,0,0,0,0,0,0,0,0,0,0,0,0,0,0,0,0,0,0,0,3pcj
 5.400,4772,1406,1406,0,0,23,0,0,0,1340,393,412,0,0,9,0,0,0,1175,345,353,0,0,4,0,0,0,0,0,0,0,0,0,0,0,0,0,0,0,0,0,0,0,0,0,240,66,67,0,0,2,0,0,0,0,0,0,0,0,0,0,0,0,0,0,0,0,0,0,0,0,0,0,0,0,0,0,0,0,0,0,1pz5
 7.280,3387,921,973,0,0,12,0,0,0,726,187,203,0,0,6,0,0,0,241,68,69,0,0,0,0,0,0,0,0,0,0,0,0,0,0,0,0,0,0,0,0,0,0,0,0,0,0,0,0,0,0,0,0,0,0,0,0,0,0,0,0,0,0,0,0,0,0,0,0,0,0,0,0,0,0,0,0,0,0,0,0,2cgr
10.000,3390,958,942,0,0,23,0,0,0,0,0,0,0,0,0,0,0,0,818,222,218,0,0,3,0,0,0,0,0,0,0,0,0,0,0,0,0,0,0,0,0,0,0,0,0,0,0,0,0,0,0,0,0,0,0,0,0,0,0,0,0,0,0,0,0,0,0,0,0,0,0,0,0,0,0,0,0,0,0,0,0,1flr
 4.940,1828,474,470,0,0,12,0,0,0,0,0,0,0,0,0,0,0,0,598,167,167,0,0,7,0,0,0,0,0,0,0,0,0,0,0,0,0,0,0,0,0,0,0,0,0,0,0,0,0,0,0,0,0,0,327,87,76,0,0,2,0,0,0,0,0,0,0,0,0,0,0,0,0,0,0,0,0,0,0,0,0,2gss
 5.820,3211,864,807,0,0,43,0,0,0,482,135,122,0,0,10,0,0,0,1282,339,336,0,0,18,0,0,0,0,0,0,0,0,0,0,0,0,0,0,0,0,0,0,0,0,0,165,45,38,0,0,2,0,0,0,227,64,67,0,0,2,0,0,0,0,0,0,0,0,0,0,0,0,0,0,0,0,0,0,0,0,0,3gss
 6.400,3285,864,809,0,0,44,0,0,0,478,131,125,0,0,9,0,0,0,915,240,233,0,0,16,0,0,0,0,0,0,0,0,0,0,0,0,0,0,0,0,0,0,0,0,0,168,46,42,0,0,3,0,0,0,0,0,0,0,0,0,0,0,0,0,0,0,0,0,0,0,0,0,0,0,0,0,0,0,0,0,0,10gs
 8.640,3338,800,724,0,0,22,0,0,0,252,62,56,0,0,2,0,0,0,477,119,106,0,0,3,0,0,0,0,0,0,0,0,0,0,0,0,0,0,0,0,0,0,0,0,0,225,56,55,0,0,1,0,0,0,482,113,100,0,0,1,0,0,0,202,49,52,0,0,2,0,0,0,0,0,0,0,0,0,0,0,0,6std
 9.850,3684,852,784,0,0,23,0,0,0,255,59,54,0,0,2,0,0,0,255,56,53,0,0,2,0,0,0,0,0,0,0,0,0,0,0,0,0,0,0,0,0,0,0,0,0,0,0,0,0,0,0,0,0,0,704,158,155,0,0,3,0,0,0,0,0,0,0,0,0,0,0,0,0,0,0,0,0,0,0,0,0,2std
11.110,5521,1320,1209,0,0,35,0,0,0,972,217,210,0,0,5,0,0,0,0,0,0,0,0,0,0,0,0,0,0,0,0,0,0,0,0,0,0,0,0,0,0,0,0,0,0,0,0,0,0,0,0,0,0,0,0,0,0,0,0,0,0,0,0,0,0,0,0,0,0,0,0,0,0,0,0,0,0,0,0,0,0,3std
 4.480,1818,479,504,0,0,11,0,0,0,698,179,189,0,0,4,0,0,0,873,233,239,0,0,5,0,0,0,0,0,0,0,0,0,0,0,0,0,0,0,0,0,0,0,0,0,0,0,0,0,0,0,0,0,0,0,0,0,0,0,0,0,0,0,0,0,0,0,0,0,0,0,0,0,0,0,0,0,0,0,0,0,1jaq
 6.150,3083,774,829,0,0,16,0,0,0,145,38,39,0,0,1,0,0,0,1003,261,269,0,0,5,0,0,0,0,0,0,0,0,0,0,0,0,163,44,44,0,0,1,0,0,0,150,39,41,0,0,1,0,0,0,0,0,0,0,0,0,0,0,0,0,0,0,0,0,0,0,0,0,0,0,0,0,0,0,0,0,0,1zs0
 9.220,3079,762,803,0,0,16,0,0,0,165,45,46,0,0,1,0,0,0,995,272,271,0,0,6,0,0,0,0,0,0,0,0,0,0,0,0,161,46,43,0,0,1,0,0,0,162,44,44,0,0,1,0,0,0,0,0,0,0,0,0,0,0,0,0,0,0,0,0,0,0,0,0,0,0,0,0,0,0,0,0,0,1zvx
 5.020,2954,725,695,0,0,0,0,0,0,1345,297,296,0,0,0,0,0,0,718,182,165,0,0,0,0,0,0,0,0,0,0,0,0,0,0,0,0,0,0,0,0,0,0,0,0,0,0,0,0,0,0,0,0,0,0,0,0,0,0,0,0,0,0,0,0,0,0,0,0,0,0,0,0,0,0,0,0,0,0,0,0,2d0k
 7.260,3202,838,786,0,0,31,0,0,0,1559,370,359,0,0,19,0,0,0,545,167,134,0,0,4,0,0,0,0,0,0,0,0,0,0,0,0,0,0,0,0,0,0,0,0,0,0,0,0,0,0,0,0,0,0,0,0,0,0,0,0,0,0,0,0,0,0,0,0,0,0,0,0,0,0,0,0,0,0,0,0,0,1dhi
 9.890,3191,827,806,0,0,31,0,0,0,1542,369,372,0,0,18,0,0,0,549,161,139,0,0,4,0,0,0,0,0,0,0,0,0,0,0,0,0,0,0,0,0,0,0,0,0,0,0,0,0,0,0,0,0,0,0,0,0,0,0,0,0,0,0,0,0,0,0,0,0,0,0,0,0,0,0,0,0,0,0,0,0,2drc
 3.900,4537,1160,1305,0,0,0,0,0,0,1509,371,427,0,0,0,0,0,0,1361,355,381,0,0,0,0,0,0,0,0,0,0,0,0,0,0,0,0,0,0,0,0,0,0,0,0,0,0,0,0,0,0,0,0,0,0,0,0,0,0,0,0,0,0,0,0,0,0,0,0,0,0,0,0,0,0,0,0,0,0,0,0,1slg
 9.700,2045,540,582,0,0,0,0,0,0,435,105,119,0,0,0,0,0,0,545,143,156,0,0,0,0,0,0,0,0,0,0,0,0,0,0,0,0,0,0,0,0,0,0,0,0,230,57,67,0,0,0,0,0,0,0,0,0,0,0,0,0,0,0,0,0,0,0,0,0,0,0,0,0,0,0,0,0,0,0,0,0,1df8
13.000,2054,539,591,0,0,0,0,0,0,438,106,120,0,0,0,0,0,0,542,139,158,0,0,0,0,0,0,0,0,0,0,0,0,0,0,0,0,0,0,0,0,0,0,0,0,232,56,69,0,0,0,0,0,0,0,0,0,0,0,0,0,0,0,0,0,0,0,0,0,0,0,0,0,0,0,0,0,0,0,0,0,2f01
 3.990,1493,466,393,0,0,31,0,0,0,255,91,72,0,0,6,0,0,0,692,227,195,0,0,15,0,0,0,0,0,0,0,0,0,0,0,0,0,0,0,0,0,0,0,0,0,0,0,0,0,0,0,0,0,0,0,0,0,0,0,0,0,0,0,0,0,0,0,0,0,0,0,0,0,0,0,0,0,0,0,0,0,2g8r
 5.920,1083,340,322,0,0,34,0,0,0,561,168,168,0,0,18,0,0,0,1181,378,341,0,0,23,0,0,0,0,0,0,0,0,0,0,0,0,261,87,75,0,0,4,0,0,0,0,0,0,0,0,0,0,0,0,0,0,0,0,0,0,0,0,0,0,0,0,0,0,0,0,0,0,0,0,0,0,0,0,0,0,0,1o0h
 7.800,2414,726,657,0,0,62,0,0,0,868,253,244,0,0,26,0,0,0,2088,683,596,0,0,38,0,0,0,0,0,0,0,0,0,0,0,0,386,142,118,0,0,7,0,0,0,0,0,0,0,0,0,0,0,0,0,0,0,0,0,0,0,0,0,0,0,0,0,0,0,0,0,0,0,0,0,0,0,0,0,0,0,1u1b
 4.040,1212,396,320,0,0,33,0,0,0,617,207,170,0,0,19,0,0,0,1426,420,340,0,0,30,0,0,0,0,0,0,0,0,0,0,0,0,310,95,73,0,0,7,0,0,0,0,0,0,0,0,0,0,0,0,0,0,0,0,0,0,0,0,0,0,0,0,0,0,0,0,0,0,0,0,0,0,0,0,0,0,0,2c02
 4.490,1301,418,343,0,0,38,0,0,0,646,206,175,0,0,19,0,0,0,1296,408,303,0,0,29,0,0,0,0,0,0,0,0,0,0,0,0,265,86,60,0,0,6,0,0,0,0,0,0,0,0,0,0,0,0,0,0,0,0,0,0,0,0,0,0,0,0,0,0,0,0,0,0,0,0,0,0,0,0,0,0,0,1hi4
 6.430,2338,774,637,0,0,58,0,0,0,1089,359,304,0,0,30,0,0,0,2681,844,670,0,0,55,0,0,0,0,0,0,0,0,0,0,0,0,610,190,155,0,0,11,0,0,0,0,0,0,0,0,0,0,0,0,0,0,0,0,0,0,0,0,0,0,0,0,0,0,0,0,0,0,0,0,0,0,0,0,0,0,0,2bzz
 7.000,2041,526,678,0,0,12,0,0,0,0,0,0,0,0,0,0,0,0,167,48,55,0,0,2,0,0,0,0,0,0,0,0,0,0,0,0,0,0,0,0,0,0,0,0,0,0,0,0,0,0,0,0,0,0,0,0,0,0,0,0,0,0,0,0,0,0,0,0,0,0,0,0,0,0,0,0,0,0,0,0,0,1tyr
 7.640,1134,305,366,0,0,5,0,0,0,0,0,0,0,0,0,0,0,0,160,52,52,0,0,2,0,0,0,0,0,0,0,0,0,0,0,0,0,0,0,0,0,0,0,0,0,0,0,0,0,0,0,0,0,0,0,0,0,0,0,0,0,0,0,556,142,179,0,0,2,0,0,0,0,0,0,0,0,0,0,0,0,1e5a
 8.490,2380,624,756,0,0,18,0,0,0,0,0,0,0,0,0,0,0,0,388,105,119,0,0,2,0,0,0,0,0,0,0,0,0,0,0,0,0,0,0,0,0,0,0,0,0,0,0,0,0,0,0,0,0,0,783,194,252,0,0,5,0,0,0,0,0,0,0,0,0,0,0,0,0,0,0,0,0,0,0,0,0,2g5u
 4.740,1376,336,394,0,0,26,0,0,0,0,0,0,0,0,0,0,0,0,555,133,162,0,0,15,0,0,0,0,0,0,0,0,0,0,0,0,0,0,0,0,0,0,0,0,0,0,0,0,0,0,0,0,0,0,0,0,0,0,0,0,0,0,0,0,0,0,0,0,0,0,0,0,0,0,0,0,0,0,0,0,0,1sv3
 7.190,2627,649,728,0,0,58,0,0,0,304,76,89,0,0,5,0,0,0,398,98,111,0,0,8,0,0,0,0,0,0,0,0,0,0,0,0,0,0,0,0,0,0,0,0,0,0,0,0,0,0,0,0,0,0,0,0,0,0,0,0,0,0,0,0,0,0,0,0,0,0,0,0,0,0,0,0,0,0,0,0,0,1q7a
 8.450,4131,963,1137,0,0,81,0,0,0,858,205,244,0,0,16,0,0,0,1180,292,330,0,0,27,0,0,0,0,0,0,0,0,0,0,0,0,0,0,0,0,0,0,0,0,0,0,0,0,0,0,0,0,0,0,0,0,0,0,0,0,0,0,0,0,0,0,0,0,0,0,0,0,0,0,0,0,0,0,0,0,0,1jq9
 5.620,2290,679,631,0,0,37,0,0,0,230,74,62,0,0,5,0,0,0,765,241,228,0,0,13,0,0,0,259,79,78,0,0,2,0,0,0,124,40,40,0,0,1,0,0,0,0,0,0,0,0,0,0,0,0,0,0,0,0,0,0,0,0,0,0,0,0,0,0,0,0,0,0,0,0,0,0,0,0,0,0,0,1a08
 6.400,2242,672,623,0,0,34,0,0,0,237,77,67,0,0,5,0,0,0,921,288,277,0,0,14,0,0,0,0,0,0,0,0,0,0,0,0,127,41,42,0,0,1,0,0,0,0,0,0,0,0,0,0,0,0,0,0,0,0,0,0,0,0,0,0,0,0,0,0,0,0,0,0,0,0,0,0,0,0,0,0,0,1a1b
 7.000,2651,750,718,0,0,35,0,0,0,333,105,92,0,0,6,0,0,0,1238,368,365,0,0,14,0,0,0,0,0,0,0,0,0,0,0,0,133,42,39,0,0,1,0,0,0,0,0,0,0,0,0,0,0,0,0,0,0,0,0,0,0,0,0,0,0,0,0,0,0,0,0,0,0,0,0,0,0,0,0,0,0,1is0
 4.300,2562,701,742,0,0,2,0,0,0,478,135,139,0,0,1,0,0,0,1366,377,414,0,0,1,0,0,0,0,0,0,0,0,0,0,0,0,0,0,0,0,0,0,0,0,0,0,0,0,0,0,0,0,0,0,0,0,0,0,0,0,0,0,0,0,0,0,0,0,0,0,0,0,0,0,0,0,0,0,0,0,0,1a30
 8.180,4906,1388,1436,0,0,6,0,0,0,572,169,167,0,0,1,0,0,0,1316,366,379,0,0,0,0,0,0,0,0,0,0,0,0,0,0,0,0,0,0,0,0,0,0,0,0,190,52,61,0,0,0,0,0,0,0,0,0,0,0,0,0,0,0,0,0,0,0,0,0,0,0,0,0,0,0,0,0,0,0,0,0,2f80
12.100,5337,1470,1549,0,0,4,0,0,0,540,153,158,0,0,0,0,0,0,1371,371,409,0,0,0,0,0,0,0,0,0,0,0,0,0,0,0,0,0,0,0,0,0,0,0,0,184,50,62,0,0,0,0,0,0,0,0,0,0,0,0,0,0,0,0,0,0,0,0,0,0,0,0,0,0,0,0,0,0,0,0,0,2i0d
 3.300,755,172,176,0,0,3,0,0,0,0,0,0,0,0,0,0,0,0,363,79,86,0,0,1,0,0,0,0,0,0,0,0,0,0,0,0,0,0,0,0,0,0,0,0,0,0,0,0,0,0,0,0,0,0,0,0,0,0,0,0,0,0,0,0,0,0,0,0,0,0,0,0,0,0,0,0,0,0,0,0,0,1d7j
 7.000,3323,735,759,0,0,4,0,0,0,177,40,43,0,0,0,0,0,0,935,202,217,0,0,1,0,0,0,0,0,0,0,0,0,0,0,0,0,0,0,0,0,0,0,0,0,0,0,0,0,0,0,0,0,0,0,0,0,0,0,0,0,0,0,0,0,0,0,0,0,0,0,0,0,0,0,0,0,0,0,0,0,1fki
 9.700,5156,1102,1149,0,0,13,0,0,0,179,41,42,0,0,0,0,0,0,1510,331,350,0,0,3,0,0,0,0,0,0,0,0,0,0,0,0,0,0,0,0,0,0,0,0,0,0,0,0,0,0,0,0,0,0,0,0,0,0,0,0,0,0,0,0,0,0,0,0,0,0,0,0,0,0,0,0,0,0,0,0,0,1fkb
 2.370,1003,303,345,0,0,0,0,0,0,536,158,184,0,0,1,0,0,0,893,252,280,0,0,0,0,0,0,0,0,0,0,0,0,0,0,0,162,42,51,0,0,0,0,0,0,0,0,0,0,0,0,0,0,0,0,0,0,0,0,0,0,0,0,0,0,0,0,0,0,0,0,0,0,0,0,0,0,0,0,0,0,6rnt
 4.300,1165,308,317,0,0,0,0,0,0,653,171,179,0,0,0,0,0,0,682,184,194,0,0,0,0,0,0,0,0,0,0,0,0,0,0,0,66,17,19,0,0,0,0,0,0,0,0,0,0,0,0,0,0,0,0,0,0,0,0,0,0,0,0,0,0,0,0,0,0,0,0,0,0,0,0,0,0,0,0,0,0,1det
 5.190,1194,325,342,0,0,0,0,0,0,678,182,187,0,0,0,0,0,0,1041,282,309,0,0,0,0,0,0,0,0,0,0,0,0,0,0,0,154,44,49,0,0,0,0,0,0,0,0,0,0,0,0,0,0,0,0,0,0,0,0,0,0,0,0,0,0,0,0,0,0,0,0,0,0,0,0,0,0,0,0,0,0,1rnt
